5cbfc7992060cc3d409469e8,5cc2536950ec09704dfdb0dc,20:04:57::04:25::2019,this is a test
5cbfc7992060cc3d409469e8,5cc2536950ec09704dfdb0dc,20:09:05::04:25::2019,Hello World
5cc2536950ec09704dfdb0dc,5cbfc7992060cc3d409469e8,20:09:51::04:25::2019,bloop
5cc2536950ec09704dfdb0dc,5cbfc7992060cc3d409469e8,20:09:58::04:25::2019,bloop
5cc2536950ec09704dfdb0dc,5cbfc7992060cc3d409469e8,20:13:02::04:25::2019,hello world
5cc2536950ec09704dfdb0dc,5cbfc7992060cc3d409469e8,21:04:36::04:25::2019,bloop
5cc2536950ec09704dfdb0dc,5cbfc7992060cc3d409469e8,21:04:39::04:25::2019,bloop
5cc2536950ec09704dfdb0dc,5cbfc7992060cc3d409469e8,21:04:48::04:25::2019,beep
5cc2536950ec09704dfdb0dc,5cbfc7992060cc3d409469e8,21:07:21::04:25::2019,test
5cc2536950ec09704dfdb0dc,5cbfc7992060cc3d409469e8,21:07:22::04:25::2019,test
5cc2536950ec09704dfdb0dc,5cbfc7992060cc3d409469e8,21:07:24::04:25::2019,test
5cc2536950ec09704dfdb0dc,5cbfc7992060cc3d409469e8,21:09:16::04:25::2019,test
5cc2536950ec09704dfdb0dc,5cbfc7992060cc3d409469e8,21:09:17::04:25::2019,test
5cc2536950ec09704dfdb0dc,5cbfc7992060cc3d409469e8,21:10:54::04:25::2019,test
5cc2536950ec09704dfdb0dc,5cbfc7992060cc3d409469e8,21:10:59::04:25::2019,test
5cc2536950ec09704dfdb0dc,5cbfc7992060cc3d409469e8,21:11:05::04:25::2019,test
